2005,1,obmessage_200501.html,html,2005年 第1号
2005,2,obmessage_200502.html,html,2005年 第2号
2005,3,obmessage_200503.html,html,2005年 第3号
2005,4,obmessage_200504.html,html,2005年 第4号
2005,5,obmessage_200505.html,html,2005年 第5号
2005,6,obmessage_200506.html,html,2005年 第6号
2005,7,obmessage_200507.html,html,2005年 第7号
2005,8,obmessage_200508.html,html,2005年 第8号
2005,9,obmessage_200509.html,html,2005年 第9号
2006,8,obmessage_200608.html,html,2006年 第8号
2007,1,obmessage_200701.html,html,2007年 第1号
2007,2,obmessage_200702.html,html,2007年 第2号
2007,3,obmessage_200703.html,html,2007年 第3号
2007,4,obmessage_200704.html,html,2007年 第4号
2007,5,obmessage_200705.html,html,2007年 第5号
2007,6,obmessage_200706.html,html,2007年 第6号
2007,7,obmessage_200707.html,html,2007年 第7号
2007,8,obmessage_200708.html,html,2007年 第8号
2007,9,obmessage_200709.html,html,2007年 第9号
2007,10,obmessage_200710.html,html,2007年 第10号
2007,11,obmessage_200711.html,html,2007年 第11号
2008,1,obmessage_200801.html,html,2008年 第1号
2008,3,obmessage_200803.html,html,2008年 第3号
2008,4,obmessage_200804.html,html,2008年 第4号
2008,5,obmessage_200805.html,html,2008年 第5号
2008,6,obmessage_200806.html,html,2008年 第6号
2008,7,obmessage_200807.html,html,2008年 第7号
2009,1,obmessage_200901.html,html,2009年 1月号
2009,2,obmessage_200902.html,html,2009年 2月号
2009,3,obmessage_200903.html,html,2009年 3月号
2009,4,obmessage_200904.html,html,2009年 4月号
2009,5,obmessage_200905.html,html,2009年 5月号
2011,11,obmessage_201111.html,html,2011年 11月号
2011,12,obmessage_201112.html,html,2011年 12月号
2012,1,obmessage_201201.html,html,2012年 1月号
2012,2,obmessage_201202.html,html,2012年 2月号
2012,3,obmessage_201203.html,html,2012年 3月号
2012,4,obmessage_201204.html,html,2012年 4月号
2012,5,obmessage_201205.html,html,2012年 5月号
2012,6,obmessage_201206.html,html,2012年 6月号
2012,7,obmessage_201207.html,html,2012年 7月号
2012,8,obmessage_201208.html,html,2012年 8月号
2012,9,obmessage_201209.html,html,2012年 9月号
2012,12,obmessage_201212.html,html,2012年 12月号
2013,1,obmessage_201301.html,html,2013年 1月号
2013,2,obmessage_201302.html,html,2013年 2月号
2013,3,obmessage_201303.html,html,2013年 3月号
2013,4,obmessage_201304.html,html,2013年 4月号
2013,5,obmessage_201305.pdf,pdf,2013年 5月号
2013,6,obmessage_201306.pdf,pdf,2013年 6月号
2013,7,obmessage_201307.pdf,pdf,2013年 7月号
2013,8,obmessage_201308.pdf,pdf,2013年 8月号
2013,9,obmessage_201309.pdf,pdf,2013年 9月号
2013,10,obmessage_201310.pdf,pdf,2013年 10月号
2013,11,obmessage_201311.pdf,pdf,2013年 11月号
2013,12,obmessage_201312.pdf,pdf,2013年 12月号
2014,1,obmessage_201401.pdf,pdf,2014年 1月号
2014,2,obmessage_201402.pdf,pdf,2014年 2月号
2014,3,obmessage_201403.pdf,pdf,2014年 3月号
2014,4,obmessage_201404.pdf,pdf,2014年 4月号
2014,5,obmessage_201405.pdf,pdf,2014年 5月号
2014,6,obmessage_201406.pdf,pdf,2014年 6月号
2014,7,obmessage_201407.pdf,pdf,2014年 7月号
2014,8,obmessage_201408.pdf,pdf,2014年 8月号
2014,9,obmessage_201409.pdf,pdf,2014年 9月号
2014,10,obmessage_201410.pdf,pdf,2014年 10月号
2014,11,obmessage_201411.pdf,pdf,2014年 11月号
2014,12,obmessage_201412.pdf,pdf,2014年 12月号
2015,1,obmessage_201501.pdf,pdf,2015年 1月号
2015,2,obmessage_201502.pdf,pdf,2015年 2月号
2015,3,obmessage_201503.pdf,pdf,2015年 3月号
2015,4,obmessage_201504.pdf,pdf,2015年 4月号
2015,5,obmessage_201505.pdf,pdf,2015年 5月号
2015,6,obmessage_201506.pdf,pdf,2015年 6月号
2015,7,obmessage_201507.pdf,pdf,2015年 7月号
2015,8,obmessage_201508.pdf,pdf,2015年 8月号
2015,9,obmessage_201509.pdf,pdf,2015年 9月号
2015,10,obmessage_201510.pdf,pdf,2015年 10月号
2015,11,obmessage_201511.pdf,pdf,2015年 11月号
2015,12,obmessage_201512.pdf,pdf,2015年 12月号
2016,1,obmessage_201601.pdf,pdf,2016年 1月号
2016,2,obmessage_201602.pdf,pdf,2016年 2月号
2016,3,obmessage_201603.pdf,pdf,2016年 3月号
2016,4,obmessage_201604.pdf,pdf,2016年 4月号
2016,5,obmessage_201605.pdf,pdf,2016年 5月号
2016,6,obmessage_201606.pdf,pdf,2016年 6月号
2016,8,obmessage_201608.pdf,pdf,2016年 8月号
2016,9,obmessage_201609.pdf,pdf,2016年 9月号
2016,10,obmessage_201610.pdf,pdf,2016年 10月号
2016,11,obmessage_201611.pdf,pdf,2016年 11月号
2016,12,obmessage_201612.pdf,pdf,2016年 12月号
2017,1,obmessage_201701.pdf,pdf,2017年 1月号
2017,2,obmessage_201702.pdf,pdf,2017年 2月号
2017,3,obmessage_201703.pdf,pdf,2017年 3月号
2017,4,obmessage_201704.pdf,pdf,2017年 4月号
2017,5,obmessage_201705.pdf,pdf,2017年 5月号
2017,6,obmessage_201706.pdf,pdf,2017年 6月号
2017,7,obmessage_201707.pdf,pdf,2017年 7月号
2017,8,obmessage_201708.pdf,pdf,2017年 8月号
2017,9,obmessage_201709.pdf,pdf,2017年 9月号
2017,10,obmessage_201710.pdf,pdf,2017年 10月号
2017,11,obmessage_201711.pdf,pdf,2017年 11月号
2017,12,obmessage_201712.pdf,pdf,2017年 12月号
2018,1,obmessage_201801.pdf,pdf,2018年 1月号
2018,2,obmessage_201802.pdf,pdf,2018年 2月号
2018,3,obmessage_201803.pdf,pdf,2018年 3月号
2018,4,obmessage_201804.pdf,pdf,2018年 4月号
2018,5,obmessage_201805.pdf,pdf,2018年 5月号
2018,6,obmessage_201806.pdf,pdf,2018年 6月号
2018,7,obmessage_201807.pdf,pdf,2018年 7月号
2018,8,obmessage_201808.pdf,pdf,2018年 8月号
2018,9,obmessage_201809.pdf,pdf,2018年 9月号
2018,10,obmessage_201810.pdf,pdf,2018年 10月号
2018,12,obmessage_201812.pdf,pdf,2018年 12月号
2019,10,obmessage_201910.pdf,pdf,2019年 10月号
2019,11,obmessage_201911.pdf,pdf,2019年 11月号
2019,12,obmessage_201912.pdf,pdf,2019年 12月号
2019,1,obmessage_201901.pdf,pdf,2019年 1月号
2019,2,obmessage_201902.pdf,pdf,2019年 2月号
2019,3,obmessage_201903.pdf,pdf,2019年 3月号
2019,4,obmessage_201904.pdf,pdf,2019年 4月号
2019,5,obmessage_201905.pdf,pdf,2019年 5月号
2019,6,obmessage_201906.pdf,pdf,2019年 6月号
2019,7,obmessage_201907.pdf,pdf,2019年 7月号
2019,8,obmessage_201908.pdf,pdf,2019年 8月号
2019,9,obmessage_201909.pdf,pdf,2019年 9月号
2020,1,obmessage_202001.pdf,pdf,2020年 1月号
2020,2,obmessage_202002.pdf,pdf,2020年 2月号
2020,3,obmessage_202003.pdf,pdf,2020年 3月号
2020,6,obmessage_202006.pdf,pdf,2020年 6月号
2020,7,obmessage_202007.pdf,pdf,2020年 7月号
2020,8,obmessage_202008.pdf,pdf,2020年 8月号
